{"manifest":{"name":"Adeteyah x Arctic Monkeys"
,"platform":"Android"
,"provider":{"name":"Adeteyah LINE Theme"
,"url":"https://line.me/R/ti/p/%40870eqoyo"
}
,"revision":2,"schemaVersion":1,"themeVersion":"9.6.0"
,"quality":85}
,"splash":{"background.color":"#fffffd"
,"splash.background.image":{normal:"splash_img.png"
}
}
,"tabBar":{"background.image":"gnb_bg_pattern.png"
,"background.image.pattern":true
,"shadow.image":"gnb_gra.9.png"
,"selectorBar.background.color":"#a7da0d"
}
,"tabBar.item":{"badge.background.image":"gnb_num_bg.9.png"
,"badge.text.color":"#ffffff"
,"badge.new.image":"gnb_ic_new.png"
}
,"tabBar.item.friend":{"normal.image":"gnb_ic_friends_normal.png"
,"selected.image":"gnb_ic_friends_selected.png"
}
,"tabBar.item.talk":{"normal.image":"gnb_ic_chats_normal.png"
,"selected.image":"gnb_ic_chats_selected.png"
}
,"tabBar.item.timeline":{"highlight.image":"gnb_ic_timeline_new.png"
,"normal.image":"gnb_ic_timeline_normal.png"
,"selected.image":"gnb_ic_timeline_selected.png"
}
,"tabBar.item.call":{"normal.image":"gnb_ic_call_normal.png"
,"selected.image":"gnb_ic_call_selected.png"
}
,"tabBar.item.news":{"normal.image":"gnb_ic_call_normal.png"
,"selected.image":"gnb_ic_call_selected.png"
}
,"tabBar.item.more":{"normal.image":"gnb_ic_more_normal.png"
,"selected.image":"gnb_ic_more_selected.png"
}
,"tabBar.item.wallet":{"normal.image":"gnb_ic_more_normal.png"
,"selected.image":"gnb_ic_more_selected.png"
}
,"tabBar.bottom":{"background.image":"gnb_bottom_bg_pattern.png"
,"background.image.pattern":true
,"text.color":{normal:"#7a3921"
,selected:"#f3721c"
}
,"text.shadow":{normal:"#00000000"
,selected:"#00000000"
}
,"badge.background.image":"gnb_bottom_num_bg.9.png"
,"badge.text.color":"#ffffff"
,"badge.new.image":"gnb_bottom_ic_new.png"
}
,"tabBar.bottom.icon":{"friend.normal.image":"gnb_bottom_ic_friends_normal.png"
,"friend.selected.image":"gnb_bottom_ic_friends_selected.png"
,"home.normal.image":"gnb_bottom_ic_friends_normal.png"
,"home.selected.image":"gnb_bottom_ic_friends_selected.png"
,"chat.normal.image":"gnb_bottom_ic_chats_normal.png"
,"chat.selected.image":"gnb_bottom_ic_chats_selected.png"
,"timeline.normal.image":"gnb_bottom_ic_timeline_normal.png"
,"timeline.selected.image":"gnb_bottom_ic_timeline_selected.png"
,"call.normal.image":"gnb_bottom_ic_call_normal.png"
,"call.selected.image":"gnb_bottom_ic_call_selected.png"
,"news.normal.image":"gnb_bottom_ic_call_normal.png"
,"news.selected.image":"gnb_bottom_ic_call_selected.png"
,"more.normal.image":"gnb_bottom_ic_more_normal.png"
,"more.selected.image":"gnb_bottom_ic_more_selected.png"
,"wallet.normal.image":"gnb_bottom_ic_more_normal.png"
,"wallet.selected.image":"gnb_bottom_ic_more_selected.png"
}
,"chathistory.attach.header":{"background.image":"header_bg_pattern.png"
,"text.color":"#834730"
,"background.image.pattern":true
}
,"home.subTab.item":{"icon.tintcolor":{normal:"#99834730"
,pressed:"#834730"
,selected:"#834730"
}
,"text.color":{normal:"#99834730"
,selected:"#834730"
}
,"newDotIcon.tintcolor":"#ffaa30"
,"selectorBar.background.color":"#ffaa30"
,"bottom.divider.background.color":"#f0f8c8"
}
,"home.service":{"title.text.color":"#834730"
,"text.color":"#834730"
,"sub.text.color":"#cab0a6"
,"link.text.color":{normal:"#834730"
,pressed:"#834730"
}
,"seeAll.text.color":{normal:"#cab0a6"
,pressed:"#cab0a6"
}
,"newDotIcon.tintcolor":"#ffaa30"
,"badge.new.image":"more_ic_new.png"
,"zero.title.color":"#834730"
,"zero.subtitle.color":"#cab0a6"
}
,"friendlist.category":{"background.color":"#fffffd"
,"arrowClose.tintcolor":"#d0e484"
,"arrowOpen.tintcolor":"#d0e484"
,"text.color":"#d0e484"
,"textSeeAll.arrow.tintcolor":"#d0e484"
,"textSeeAll.color":"#d0e484"
}
,"friendlist.serviceMenu.item":{"text.color":"#834730"
,"blank.icon.tintcolor":"#7f834730"
,"loading.icon.tintcolor":"#834730"
}
,"list.common":{"divider.background.color":"#f0f8c8"
,"floatingBtn.background.color":{normal:"#ffd927"
,pressed:"#f9ca25"
}
,"floatingBtn.icon.tintcolor":"#ffffff"
,"action.icon.tintcolor":{normal:"#834730"
,pressed:"#a6834730"
}
}
,"profile.thumbnail":{"single.big.image":"user_thumbnail_large_00.png"
,"single.small.image":"user_thumbnail_small_00.png"
,"group.big.image":"group_thumbnail_large.png"
,"group.small.image":"group_thumbnail_small.png"
}
,"chatlist.item":{"nameText.color":"#834730"
,"messageText.color":"#ff940a"
,"messageText2.color":"#d6c2b9"
,"timeText.color":"#d0e484"
,"muteIcon.tintcolor":"#bb9380"
,"messageCountText.background.image":"list_category_chat_num.9.png"
,"messageCountText.color":"#ffffff"
,"newIcon.image":"list_category_chat_new.png"
,"notiIcon.image":"list_category_chat_noti.png"
,"callingIcon.image":"list_category_chat_calling.png"
,"adIcon.tintcolor":"#bb9380"
,"ad.sub.text.color":"#a6834730"
,"ad.sub.icon.tintcolor":"#a6834730"
,"mentionText.color":"#a7da0d"
,"closeIcon.tintcolor":{normal:"#d0e484"
,pressed:"#b2d0e484"
}
,"profile.badge.outline.background.color":"#fffffd"
,"callingIcon2.tintcolor":"#a7da0d"
}
,"navigationBar":{"status.background.color":"#D7CEBE"
,"background.image":"header_bg_pattern.png"
,"background.image.pattern":false
,"badge.count.background.image":"header_num_bg.9.png"
,"badge.text.color":"#ffffff"
,"badge.new.image":"header_ic_new.png"
,"button.background.color":{normal:"#00000000"
,pressed:"#33834730"
}
,"title.button.tintcolor":"#834730"
,"title.text.color":"#834730"
,"button.text.color":{dimmed:"#bc8050"
,normal:"#834730"
,pressed:"#834730"
,selected:"#834730"
}
,"button.tintcolor":{dimmed:"#bc8050"
,normal:"#834730"
,pressed:"#834730"
,selected:"#834730"
}
,"live.icon.tintcolor":"#a7da0d"
,"newDotIcon.tintcolor":"#ffaa30"
}
,"myhome.lineend.smiley":{"smiley.tintcolor":"#834730"
}
,"navigationBar.tab":{"text.color":{normal:"#bc8050"
,selected:"#834730"
}
}
,"myhome.post.input":{"background.color":"#ffffff"
,"text.color":"#a87d68"
,"input.divider.background.color":"#f0f8c8"
,"menu.background.color":{normal:"#ffffff"
,pressed:"#fff8dc"
}
,"menu.icon.tintcolor":{normal:"#dbc2b6"
,pressed:"#8f5944"
}
,"menu.text.color":{normal:"#dbc2b6"
,pressed:"#8f5944"
}
,"icon.tintcolor":{normal:"#dbc2b6"
,pressed:"#8f5944"
}
,"bottom.divider.background.color":"#f0f8c8"
,"bottom.divider2.background.color":"#f7fbe2"
}
,"myhome.post.background":{"bottom.divider.background.color":"#f0f8c8"
}
,"myhome.background":{"background.color":"#fffffd"
}
,"myhome.cover":{"officialHomeProfileArrow.tintcolor":{normal:"#3f3f3f"
,pressed:"#3f3f3f"
}
,"officialHomeProfileText.color":"#3f3f3f"
}
,"myhome.post.header":{"nameText.color":"#3f3f3f"
,"timeText.color":"#888888"
,"sharePostMessage.color":"#3f3f3f"
,"title.text.color":"#3f3f3f"
,"privacy.icon.tintcolor":"#cc3f3f3f"
,"privacy.text.color":"#cc3f3f3f"
,"newDotIcon.tintcolor":"#ffaa30"
,"groupBtn.background.image":{normal:"button_r09_normal.9.png"
,pressed:"button_r09_pressed.9.png"
}
,"groupBtn.icon.tintcolor":"#f4c110"
,"groupBtn.text.color":"#f4c110"
,"groupBtn.popup.background.image":"timeline_img_bg_see_bg01.9.png"
,"groupBtn.popup.pressed.background.image":{normal:""
,pressed:"timeline_img_bg_see_bg01_pressed.9.png"
}
,"groupBtn.popup.pressed.reverse.background.image":{normal:""
,pressed:"timeline_img_bg_see_bg02_pressed.9.png"
}
,"groupBtn.popup.reverse.background.image":"timeline_img_bg_see_bg02.9.png"
,"groupBtn.popup.text.color":"#ffffff"
,"groupBtn.popup.divider.background.color":"#f1c324"
,"groupBtn.popup.detail.text.color":"#fff7d4"
,"groupBtn.popup.arrow.tintcolor":"#fbe59a"
,"more.icon.tintcolor":{normal:"#dbc2b6"
,pressed:"#8f5944"
}
,"arrow.text.color":{normal:"#dbc2b6"
,pressed:"#8f5944"
}
,"event.join.text.color":{normal:"#ffd927"
,pressed:"#f9ca25"
,dimmed:"#babdc4"
}
,"event.join.icon.tintcolor":{normal:"#ffd927"
,pressed:"#f9ca25"
}
,"groupBtn.popup.body.background.tintcolor":"#ffd927"
,"groupBtn.popup.arrow.background.tintcolor":"#ffd927"
}
,"myhome.write.post":{"icon.tintcolor":"#834730"
,"text.color":"#834730"
}
,"navigationBar.moreMenu":{"item.text.color":"#834730"
}
,"myhome.post.body":{"text.color":"#323232"
}
,"myhome.activity":{"icon.tintcolor":{normal:"#834730"
,pressed:"#99834730"
,dimmed:"#babdc4"
}
,"text.color":{normal:"#834730"
,pressed:"#99834730"
,dimmed:"#babdc4"
}
}
,"myhome.post.bottom":{"commentIcon.image":{normal:"timeline_ic_postcomment.png"
,selected:"timeline_ic_postcomment.png"
}
,"likeIcon.image":{normal:"timeline_ic_postlike_off.png"
,selected:"timeline_ic_postlike_on.png"
}
,"commentText.color":"#834730"
,"comment.icon.tintcolor":"#834730"
,"commentCountText.color":"#834730"
,"likeText.color":"#834730"
,"likeCountText.color":"#834730"
,"like.off.icon.tintcolor":"#834730"
,"share.icon.tintcolor":"#834730"
,"reply.text.color":"#834730"
,"like.on.background.tintcolor":"#ffeb65"
,"comma.icon.tintcolor":"#834730"
,"cancel.icon.tintcolor":"#d0e484"
,"commentLayer.arrowIcon.tintcolor":"#bb9380"
}
,"calllist.item":{"nameText.color":"#834730"
,"dateIcon.tintcolor":"#ff940a"
,"dateText.color":"#ff940a"
,"phoneIcon.tintcolor":{normal:"#834730"
}
,"phoneIcon.background.tintcolor":{normal:"#fff693"
,pressed:"#feeb83"
}
}
,"wallet.balance":{"title.logo.tintcolor":"#8f5944"
,"text.color":"#834730"
,"subtext.color":"#cab0a6"
,"plusbtn.background.tintcolor":{normal:"#ffaa30"
,pressed:"#b2ffaa30"
}
,"plusbtn.icon.tintcolor":"#ffffff"
,"retry.icon.tintcolor":{normal:"#834730"
,pressed:"#834730"
}
,"retry.text.color":"#99834730"
}
,"wallet.common":{"title.text.color":"#834730"
,"tab.text.color":{normal:"#cab0a6"
,selected:"#834730"
}
,"text.color":"#834730"
,"more.text.color":"#cab0a6"
,"arrow.tintcolor":"#cab0a6"
,"newIcon.image":"more_ic_new.png"
,"loading.icon.tintcolor":"#834730"
,"error.icon.tintcolor":"#834730"
,"blank.icon.tintcolor":"#19834730"
,"noresult.icon.tintcolor":"#99834730"
,"noresult.text.color":"#7f834730"
,"background.color":{normal:"#ffffff"
,pressed:"#fff8dc"
}
}
,"wallet.main":{"icon.tintcolor":"#834730"
,"text.color":"#834730"
}
,"wallet.sub":{"price.text.color":"#834730"
,"category.text.color":"#ffaa30"
,"comma.icon.tintcolor":"#e2d4cf"
,"officialAccount.text.color":"#cab0a6"
,"location.icon.outline.tintcolor":"#e3d5d0"
,"location.icon.tintcolor":{normal:"#e2d4cf"
,selected:"#834730"
}
}
,"moreMenu.item":{"Lpoint.background.color":{normal:"#ffffff"
,pressed:"#fff8dc"
}
,"LpointCount.plusIcon.tintcolor":"#834730"
,"LpointCount.text.color":"#834730"
,"LpointLabel.background.tintcolor":"#834730"
,"LpointLabel.text.color":"#834730"
,"newIcon.image":"more_ic_new.png"
,"LpointCount.newIcon.tintcolor":"#ffaa30"
,"icon.background.color":"#ffffff"
,"icon.tintcolor":{normal:"#834730"
,pressed:"#e2d4cf"
}
}
,"moreMenu.lower.item":{"background.color":{normal:"#ffffff"
,pressed:"#fff8dc"
}
,"newIcon.image":"more_ic_new.png"
,"text.color":"#834730"
,"icon.tintcolor":"#834730"
}
,"moreMenu.topbanner.item":{"topDivider.background.color":"#f0f8c8"
,"text.color":"#834730"
,"subtext.color":"#cab0a6"
}
,"moreMenu.view":{"background.color":"#ffffff"
,"bottom.background.color":"#fffffd"
}
,"chathistory.option.item":{"button.background.color":{normal:"#fffffd"
,pressed:"#fefadc"
}
,"text.color":{normal:"#834730"
,dimmed:"#66834730"
}
,"bottom.divider.background.color":"#fff1c4"
,"badge.new.image":"chatroom_option_ic_new.png"
,"newDotIcon.tintcolor":"#ffaa30"
}
,"chathistory.option.item.voip.video":{"background.color":{normal:"#fffffd"
,pressed:"#fefadc"
}
,"text.color":{normal:"#834730"
,dimmed:"#66834730"
}
}
,"chathistory.option.item.voip.voice":{"background.color":{normal:"#fffffd"
,pressed:"#fefadc"
}
,"text.color":{normal:"#834730"
,dimmed:"#66834730"
}
}
,"chathistory.option.item.image":{"album.dimmed.image":"chatroom_option_ic_albums_disable.png"
,"album.image":"chatroom_option_ic_albums_normal.png"
,"block.image":"chatroom_option_ic_block.png"
,"create.group.dimmed.image":"chatroom_option_ic_creategroup_disable.png"
,"create.group.image":"chatroom_option_ic_creategroup_normal.png"
,"edit.dimmed.image":"chatroom_option_ic_edit_disable.png"
,"edit.image":"chatroom_option_ic_edit_normal.png"
,"edit.group.dimmed.image":"chatroom_option_ic_editgroup_disable.png"
,"edit.group.image":"chatroom_option_ic_editgroup_normal.png"
,"invite.dimmed.image":"chatroom_option_ic_invite_disable.png"
,"invite.image":"chatroom_option_ic_invite_normal.png"
,"leave.dimmed.image":"chatroom_option_ic_leave_disable.png"
,"leave.image":"chatroom_option_ic_leave_normal.png"
,"line.call.dimmed.image":"chatroom_option_ic_linecall_disable.png"
,"line.call.image":"chatroom_option_ic_linecall_normal.png"
,"notification.off.dimmed.image":"chatroom_option_ic_noti_off_disable.png"
,"notification.off.image":"chatroom_option_ic_noti_off.png"
,"notification.on.dimmed.image":"chatroom_option_ic_noti_on_disable.png"
,"notification.on.image":"chatroom_option_ic_noti_on.png"
,"photo.image":"chatroom_option_ic_pv_normal.png"
,"photo.video.dimmed.image":"chatroom_option_ic_pv_disable.png"
,"photo.video.image":"chatroom_option_ic_pv_normal.png"
,"recommend.dimmed.image":"chatroom_option_ic_recom_disable.png"
,"recommend.image":"chatroom_option_ic_recom_normal.png"
,"send.gift.dimmed.image":"chatroom_option_ic_gift_disable.png"
,"send.gift.image":"chatroom_option_ic_gift_normal.png"
,"setting.dimmed.image":"chatroom_option_ic_setting_disable.png"
,"setting.image":"chatroom_option_ic_setting_normal.png"
,"unblock.image":"chatroom_option_ic_unblock.png"
,"group.event.dimmed.image":"chatroom_option_ic_event_disable.png"
,"group.event.image":"chatroom_option_ic_event_normal.png"
,"translation.dimmed.image":"chatroom_option_ic_translation_disable.png"
,"translation.image":"chatroom_option_ic_translation_normal.png"
,"members.dimmed.image":"chatroom_option_ic_member_disable.png"
,"members.image":"chatroom_option_ic_member_normal.png"
,"square.home.dimmed.image":"chatroom_option_ic_chat_disable.png"
,"square.home.image":"chatroom_option_ic_chat_normal.png"
,"search.image":"chatroom_option_ic_search_normal.png"
,"search.dimmed.image":"chatroom_option_ic_search_disable.png"
}
,"chathistory.option.item.voip.video.image":{"video.call.dimmed.image":"chatroom_option_ic_videocall_disable.png"
,"video.call.image":"chatroom_option_ic_videocall_normal.png"
}
,"chathistory.option.item.voip.voice.image":{"voice.call.dimmed.image":"chatroom_option_ic_freecall_disable.png"
,"voice.call.image":"chatroom_option_ic_freecall_normal.png"
}
,"chathistory.call":{"background.tintcolor":{normal:"#fffffd"
,pressed:"#fefadc"
}
,"bottom.divider.background.color":"#fff1c4"
,"call.icon.tintcolor":"#834730"
,"call.text.color":"#834730"
,"member.background.color":"#fffffd"
}
,"chathistory.attach.item":{"top.divider.background.color":"#fbd45c"
,"background.color":{normal:"#fde06b"
,pressed:"#f7d651"
}
,"external.icon.tintcolor":"#c0934d"
,"icon.tintcolor":"#834730"
,"text.color":"#834730"
,"badge.new.image":"chatroom_attach_ic_new.png"
,"newDotIcon.tintcolor":"#ff9e20"
,"blank.icon.tintcolor":"#c0934d"
}
,"chathistory.attach.item.image":{"audio.image":{normal:"chatroom_attach_ic_voicemessage.png"
}
,"choose.photo.image":{normal:"chatroom_attach_ic_photo.png"
}
,"choose.video.image":{normal:"chatroom_attach_ic_chooesvideo.png"
}
,"contact.image":{normal:"chatroom_attach_ic_info.png"
}
,"location.image":{normal:"chatroom_attach_ic_location.png"
}
,"take.photo.image":{normal:"chatroom_attach_ic_takephoto.png"
}
,"take.video.image":{normal:"chatroom_attach_ic_takevideo.png"
}
,"choose.file.image":{normal:"chatroom_attach_ic_choosefile.png"
}
}
,"chathistory.input":{"attachButton.icon.image":"chatroom_ic_add.png"
,"eskButton.icon.image":"chatroom_ic_stickers.png"
,"photoButton.icon.image":"chatroom_ic_photo.png"
,"keyboardButton.icon.image":"chatroom_ic_keyboard.png"
,"background.image":"chatroom_input_bg.9.png"
,"background.image.pattern":false
,"inputText.color":"#834730"
,"inputText.hint":"#cfbeb7"
,"sendButton.background.color":{normal:"#ffd927"
,pressed:"#fdd11f"
}
,"sendButton.tintcolor":"#ffffff"
,"memeButton.jp.icon.image":"timeline_ic_meme_jp.png"
,"memeButton.etc.icon.image":"timeline_ic_meme_etc.png"
}
,"chathistory.input2":{"addButton.tintcolor":{normal:"#834730"
,selected:"#834730"
}
,"cameraButton.image":{normal:"chatroom_ic_camera2.png"
,pressed:"chatroom_ic_camera2.png"
}
,"photoButton.image":{normal:"chatroom_ic_photo2.png"
,pressed:"chatroom_ic_photo2.png"
,selected:"chatroom_ic_photo2.png"
}
,"stickersButton.image":{normal:"chatroom_ic_stickers2.png"
,pressed:"chatroom_ic_stickers2.png"
,selected:"chatroom_ic_stickers2.png"
}
,"voiceButton.tintcolor":{normal:"#834730"
,pressed:"#834730"
,selected:"#834730"
}
,"backButton.tintcolor":{normal:"#834730"
,pressed:"#834730"
}
,"sendButton.tintcolor":{normal:"#ffaa30"
,pressed:"#ffaa30"
}
,"background.image":"chatroom_input2_bg.9.png"
,"background.image.pattern":false
,"top.divider.background.color":"#00000000"
,"inputBox.tintcolor":"#fffef0"
,"inputBox.outline.tintcolor":"#fffef0"
,"inputText.hint":"#cfbeb7"
,"inputText.color":"#834730"
,"blocked.text.color":"#bb904e"
}
,"chathistory.view.common":{"background.color":"#fffffd"
,"background.image":{normal:"chatroom_bg_normal.png"
,gravity:"right bottom"
,top:"chatroom_bg_img.png"
}
,"background.image.pattern":false
}
,"passcode":{"top.background.color":"#fffffd"
,"text.color":"#834730"
,"infotext.color":"#ff940a"
,"background.color":"#F5E7C2"
,"number.background.tintcolor":{normal:"#fde06b"
,pressed:"#f8d33d"
}
,"number.cancel.text.color":{normal:"#834730"
,pressed:"#7f834730"
}
,"number.delete.tintcolor":{normal:"#834730"
,pressed:"#834730"
}
,"number.text.tintcolor":"#834730"
,"passcode1.background.image":"password_ic_01_off.png"
,"passcode1.input.image":"password_ic_01_on.png"
,"passcode2.background.image":"password_ic_02_off.png"
,"passcode2.input.image":"password_ic_02_on.png"
,"passcode3.background.image":"password_ic_03_off.png"
,"passcode3.input.image":"password_ic_03_on.png"
,"passcode4.background.image":"password_ic_04_off.png"
,"passcode4.input.image":"password_ic_04_on.png"
}
,"view.common":{"background.color":"#fffffd"
}
,"main.view.common":{"background.color":"#fffffd"
}
,"addFriend.tab.icon":{"idsearch.image":"gnb_ic_search.png"
,"invite.image":"gnb_ic_contacts.png"
,"qrcode.image":"gnb_ic_qrcode.png"
,"shakeit.image":"gnb_ic_shakeit.png"
}
,"addFriend.tab.item":{"background.image":{normal:"gnb_bg_addfriend_normal.9.png"
,pressed:"gnb_bg_addfriend_pressed.9.png"
}
,"text.color":"#834730"
}
,"invitemember.tab.item":{"background.image":{normal:"gnb_bg_addfriend_normal.9.png"
,pressed:"gnb_bg_addfriend_pressed.9.png"
}
,"icon.tintcolor":"#834730"
,"text.color":"#834730"
}
,"friendlist.item.common":{"background.color":{normal:"#fffffd"
,pressed:"#fefadc"
}
,"new.background.color":{normal:"#ffffc0"
,pressed:"#fefeb6"
}
,"checked.background.color":{normal:"#fefadc"
,pressed:"#fefadc"
}
}
,"addFriend.tab.addGroup":{"background.color":{normal:"#fffffd"
,pressed:"#fefadc"
}
,"icon.background.tintcolor":"#fff693"
,"icon.tintcolor":"#834730"
,"text.color":"#834730"
,"subtext.color":"#ff940a"
,"addButton.background.tintcolor":{normal:"#ffd927"
,pressed:"#f9ca25"
}
,"addButton.text.color":"#ffffff"
,"updateButton.tintcolor":{normal:"#ffd927"
,pressed:"#f9ca25"
}
,"arrow.tintcolor":"#bb9380"
}
,"friendlist.item":{"addInviteButton.background.image":{normal:"button_r10_normal.9.png"
,pressed:"button_r10_pressed.9.png"
}
,"addInviteButton.color":"#ffffff"
,"addFriend.background.tintcolor":{normal:"#fff693"
,pressed:"#feeb83"
}
,"addFriend.icon.tintcolor":"#834730"
,"phoneIcon.background.tintcolor":{normal:"#fff693"
,pressed:"#feeb83"
}
,"phoneIcon.tintcolor":{normal:"#834730"
}
,"nameText.color":"#834730"
,"descriptionText.color":"#ff940a"
,"statusText.color":"#ff940a"
,"status.divider.background.color":"#ff940a"
,"myprofile.link.text.color":"#ff940a"
,"myprofile.arrow.tintcolor":"#ff940a"
,"arrowIcon.tintcolor":"#bb9380"
,"updateIcon.tintcolor":"#ffaa30"
,"updateVideoProfile.tintcolor":"#ffaa30"
,"search.appIcon.tintcolor":"#bb9380"
,"checkboxOff.image":"list_checkbox_img_normal.png"
,"checkboxOn.image":"list_checkbox_img_selected.png"
,"radiobutton.background.tintcolor":"#fff693"
,"radiobutton.selected.tintcolor":"#ffaa30"
,"logo.icon.tintcolor":"#52cd05"
}
,"friendlist.item.requests":{"cancelButton.background.tintcolor":{normal:"#cede27"
,pressed:"#c0cf23"
}
,"cancelButton.text.color":"#ffffff"
,"acceptButton.background.tintcolor":{normal:"#ffd927"
,pressed:"#f9ca25"
}
,"acceptButton.text.color":"#ffffff"
,"addedButton.background.tintcolor":"#fff693"
,"addedButton.text.color":"#834730"
,"addedButton.checkIcon.tintcolor":"#834730"
,"retryButton.background.tintcolor":{normal:"#ffd927"
,pressed:"#f9ca25"
}
,"retryButton.text.color":"#ffffff"
,"retryButton.arrowIcon.tintcolor":"#ffffff"
}
,"select.chat.tab":{"background.image":"gnb_bg_select.9.png"
,"selectorBar.background.color":"#ffaa30"
,"text.color":{normal:"#cfbeb7"
,selected:"#834730"
}
,"text.shadow":"#00000000"
}
,"searchBar":{"search.icon.image":"list_ic_search.png"
,"text.hint":"#d9cbc5"
,"text.color":"#9c6c59"
,"underbar.background.color":{normal:"#f3f9d3"
,selected:"#f3f9d3"
}
,"cancel.icon.tintcolor":"#d9cbc5"
}
,"search.chat.highlightColor":{"search.icon.tintcolor":"#a7da0d"
,"chatList.text.color":"#a7da0d"
,"receiveMessage.text.color":"#a7da0d"
,"sendMessage.text.color":"#a7da0d"
,"receiveMessage.text.background.color":"#a7da0d"
,"sendMessage.text.background.color":"#a7da0d"
}
,"multi.userselect":{"background.color":"#fff7c4"
,"name.text.color":"#834730"
,"guide.background.color":"#fff7c4"
,"guide.text.color":"#834730"
}
,"bottom.button.common":{"button1.background.color":{normal:"#cede27"
,pressed:"#c0cf23"
,dimmed:"#cede27"
}
,"button1.text.color":{normal:"#ffffff"
,dimmed:"#66ffffff"
}
,"button2.background.color":{normal:"#ffd927"
,pressed:"#f9ca25"
,dimmed:"#ffd927"
}
,"button2.text.color":{normal:"#ffffff"
,dimmed:"#66ffffff"
}
,"button3.background.color":{normal:"#ffd927"
,pressed:"#f9ca25"
,dimmed:"#ffd927"
}
,"button3.text.color":{normal:"#ffffff"
,dimmed:"#66ffffff"
}
}
,"select.chat.bottom":{"button.background.color":{normal:"#ffd927"
,pressed:"#f9ca25"
}
,"button.icon.tintcolor":"#ffffff"
,"button.text.color":{normal:"#ffffff"
,dimmed:"#7fffffff"
}
}
,"navigationBar.search":{"background.image":"header_bg_pattern.png"
,"background.image.pattern":true
,"back.icon.tintcolor":{normal:"#834730"
,pressed:"#834730"
}
,"text.hint":"#cfbeb7"
,"text.color":"#834730"
,"underbar.background.color":"#66834730"
,"cancel.icon.tintcolor":"#834730"
}
,"search.list.suggest":{"background.color":"#fffeef"
,"search.icon.tintcolor":"#cfbdae"
,"text.color":"#83472d"
,"bottom.divider.background.color":"#fff1c4"
}
,"addCollection.tab":{"background.color":"#fffeef"
,"tabTextSelected.text.color":"#834730"
,"tabTextNormal.text.color":"#cfbdae"
,"selectorBar.background.color":"#ffaa30"
,"bottom.divider.background.color":"#fff1c4"
}
,"select.tab":{"background.color":"#fffeef"
,"tab.text.color":{normal:"#cfbdae"
,selected:"#834730"
}
,"bottom.divider.background.color":"#fff1c4"
,"selectorBar.background.color":"#ffaa30"
,"newDotIcon.tintcolor":"#ffaa30"
,"icon.tintcolor":{normal:"#834730"
,pressed:"#7f834730"
}
}
,"search.list.shortcut":{"icon.tintcolor":{normal:"#834730"
}
,"text.color":{normal:"#834730"
}
,"divider.tintcolor":{normal:"#f0f8c8"
}
,"bottom.background.color":"#fffeef"
}
,"search.list.item":{"place.text.color":{normal:"#ffd927"
,pressed:"#f9ca25"
}
,"place.arrow.tintcolor":{normal:"#ffd927"
,pressed:"#f9ca25"
}
,"setLocation.icon.tintcolor":{normal:"#ffd927"
,pressed:"#f9ca25"
}
,"setLocation.text.color":{normal:"#ffd927"
,pressed:"#f9ca25"
}
,"autosave.text.color":{normal:"#834730"
,pressed:"#a87e6d"
}
,"autosave.divider.background.color":"#f0f8c8"
}
,"friendlist.common":{"noresult.text.color":"#ff940a"
}
,"navigationBar.groupcall":{"calling.tintcolor":"#a7da0d"
}
,"chathistory.layer":{"background.color":"#fffeef"
,"divider.background.color":"#fff1c4"
,"bgm.custom.icon.tintcolor":"#834730"
,"text.color":"#834730"
,"sub.text.color":"#b5907c"
,"icon.tintcolor":{normal:"#834730"
,pressed:"#4c834730"
}
}
,"chathistory.groupcall":{"joinButton.background.tintcolor":{normal:"#ffd927"
,pressed:"#f9ca25"
}
,"joinButton.icon.tintcolor":"#ffffff"
,"joinButton.text.color":"#ffffff"
,"callButton.background.image":{normal:"button_r06_normal.9.png"
,pressed:"button_r06_pressed.9.png"
}
,"callButton.icon.tintcolor":{normal:"#fffffd"
}
,"callButton.text.color":{normal:"#fffffd"
}
,"background.color":"#fffeef"
,"top.divider.background.color":"#fffeef"
,"bottom.divider.background.color":"#fff1c4"
,"text.color":"#834730"
,"subtext.color":"#834730"
}
,"chathistory.onair":{"background.image":"chatroom_onair_bg.9.png"
,"subtext.color":"#834730"
,"text.color":"#834730"
}
,"chathistory.spammer":{"background.image":"chatroom_onair_bg.9.png"
,"name.text.color":"#834730"
,"text.color":"#834730"
,"button.background.image":{normal:"button_r06_normal.9.png"
,pressed:"button_r06_pressed.9.png"
}
,"button.text.color":"#fffffd"
}
,"chathistory.groupcall.layer":{"phoneIcon.tintcolor":"#fffffd"
}
,"chathistory.memberlist.area":{"background.color":"#fffeef"
}
,"chathistory.e2ee.layer":{"background.color":"#fffeef"
,"text.color":"#834730"
,"icon.tintcolor":"#834730"
,"link.text.color":"#a7da0d"
}
,"chathistory.notification.bar":{"background.color":"#fffeef"
,"icon.tintcolor":"#834730"
,"text.color":"#834730"
,"subtext.color":"#b5907c"
,"bottom.text.color":"#a7da0d"
,"arrow.icon.tintcolor":"#834730"
,"divider.background.color":"#fff1c4"
,"bottom.background.color":"#fff1c4"
}
,"chathistory.notification":{"noti.background.tintcolor":"#ffd927"
,"noti.icon.tintcolor":{normal:"#ffffff"
,pressed:"#ffffff"
}
}
,"chathistory.groupboard.tip":{"text.color":"#834730"
}
,"chathistory.input.sendButton.selectType":{"icon.tintcolor":{normal:"#cdb5ab"
,selected:"#7a3921"
}
,"text.color":{normal:"#cdb5ab"
,selected:"#7a3921"
}
}
,"chathistory.common":{"datebar.background.image":"chatroom_date.9.png"
,"datebar.text.color":"#ffffff"
,"name.color":{normal:"#5f2c19"
,pressed:"#b25f2c19"
}
,"time.color":"#5f2c19"
,"autoresend.icon.tintcolor":"#5f2c19"
,"soundsticker.icon.tintcolor":"#5f2c19"
,"retry.icon.image":"chatroom_ic_retry.png"
,"checkBox.image":{normal:"list_checkbox_img_normal.png"
,selected:"list_checkbox_img_selected.png"
}
,"recentButton.background.tintcolor":"#ffec92"
,"recentButton.icon.tintcolor":{normal:"#7a3921"
,pressed:"#7a3921"
}
,"share.button.image":{normal:"chatroom_ic_share_normal.png"
,pressed:"chatroom_ic_share_pressed.png"
}
,"reply.icon.tintcolor":"#5f2c19"
}
,"chathistory.userrecall":{"recall.user.text.color":"#ff8d30"
,"recalled.user.recv.text.color":"#ff8d30"
,"recalled.user.send.text.color":"#ff8d30"
,"recall2.user.text.color":"#ff8d30"
}
,"chathistory.balloon.video.default.recv":{"background.color":"#fffb93"
}
,"chathistory.balloon.recv":{"background.image":{normal:"chatroom_balloon_rec_normal.9.png"
,pressed:"chatroom_balloon_rec_pressed.9.png"
}
,"divider.background.color":"#e7d87e"
,"inside.background.color":{normal:"#fffb93"
,pressed:"#fcf08a"
}
,"outline.background.tintcolor":{normal:"#fece0f"
,pressed:"#fece0f"
}
}
,"chathistory.reply.recv":{"name.text.color":"#7a3921"
,"text.color":"#997a3921"
}
,"chathistory.balloon.text.recv":{"background.image":{normal:"chatroom_balloon_rec_normal.9.png"
,padding:"16 7.5 13.5 8"
,pressed:"chatroom_balloon_rec_pressed.9.png"
}
}
,"chathistory.text.recv.msg":{"text.color":"#7a3921"
,"source.text.color":"#a27343"
}
,"chathistory.music.recv.msg":{"service.text.color":"#a27343"
,"title.text.color":"#7a3921"
,"artist.text.color":"#a27343"
,"typename.text.color":"#a27343"
,"playlist.default.image":"chatroom_ic_music_playlist_rec.png"
,"topic.default.image":"chatroom_ic_music_topic_rec.png"
,"playbtn.background.default.image":"chatroom_music_bar_default.png"
,"playbtn.background.pressed.image":"chatroom_music_bar_pressed.png"
,"playbtn.default.image":"chatroom_music_play_default.png"
,"playbtn.pressed.image":"chatroom_music_play_pressed.png"
,"stopbtn.default.image":"chatroom_music_stop_default.png"
,"stopbtn.pressed.image":"chatroom_music_stop_pressed.png"
,"playing.image":"chatroom_music_bar_playing.png"
,"loading.image":"chatroom_music_loading.png"
}
,"chathistory.voip.recv.msg":{"icon.tintcolor":"#956038"
,"linecall.text.color":"#7a3921"
,"text.color":"#7a3921"
}
,"chathistory.groupcall.recv.msg":{"bottom.background.image":{normal:"chatroom_balloon_line_rec.9.png"
}
,"join.text.color":"#a7da0d"
}
,"chathistory.voice.recv.msg":{"text.color":{normal:"#d3bb6d"
,selected:"#7a3921"
}
,"colon.tintcolor":{normal:"#d3bb6d"
,selected:"#7a3921"
}
,"bottom.background.image":"chatroom_voicemsg_line_w_rec.9.png"
,"pause.image":{normal:"chatroom_ic_voicemsg_rec_pause.png"
,selected:"chatroom_ic_voicemsg_rec_pause_pressed.png"
}
,"play.image":{normal:"chatroom_ic_voicemsg_rec_play.png"
,selected:"chatroom_ic_voicemsg_rec_play_pressed.png"
}
,"seperator.image":"chatroom_voicemsg_line_h_rec.9.png"
,"share.image":{normal:"chatroom_ic_voicemsg_rec_share.png"
,selected:"chatroom_ic_voicemsg_rec_share_pressed.png"
}
,"speak.expire.image":"chatroom_ic_voicemsg_rec_x.png"
,"speak.image":"chatroom_ic_voicemsg_rec_00.png"
,"speak1.image":"chatroom_ic_voicemsg_rec_01.png"
,"speak2.image":"chatroom_ic_voicemsg_rec_02.png"
,"speak3.image":"chatroom_ic_voicemsg_rec_03.png"
}
,"chathistory.voice2.recv.msg":{"play.icon.tintcolor":"#a7da0d"
,"time.text.color":{normal:"#7a3921"
,dimmed:"#d3bb6d"
}
,"motion.tintcolor":{normal:"#a7da0d"
,dimmed:"#d3bb6d"
}
,"stt.text.color":"#7a3921"
,"loading.icon.tintcolor":"#bd9a5a"
,"loading.text.color":"#a27343"
,"error.icon.tintcolor":"#d3bb6d"
}
,"chathistory.url.recv.msg":{"paragraph.divider.background.color":"#af874f"
,"title.text.color":"#7a3921"
,"sub.text.color":"#a27343"
,"bottom.divider.background.color":"#e7d87e"
,"youtube.default.background.color":"#197a3921"
}
,"chathistory.groupboard.recv.msg":{"text.color":"#7a3921"
,"location.text.color":"#7a3921"
,"more.text.color":"#a27343"
,"photo.default.tintcolor":"#a27343"
,"photoicon.tintcolor":"#a27343"
,"sticker.default.tintcolor":"#a27343"
,"bottom.text.color":"#a27343"
,"video.default.tintcolor":"#a27343"
,"videoicon.tintcolor":"#a27343"
,"arrow.tintcolor":"#bc9a5a"
,"bottom.background.image":"chatroom_balloon_line_rec.9.png"
}
,"chathistory.file.recv.msg":{"file.icon.tintcolor":"#956038"
,"text.color":"#7a3921"
,"expire.text.color":"#a27343"
,"arrow.tintcolor":"#bc9a5a"
}
,"chathistory.link.recv.msg":{"text.color":"#7a3921"
,"detail.text.color":"#a27343"
,"arrow.tintcolor":"#bc9a5a"
,"bottom.background.image":"chatroom_balloon_line_rec.9.png"
}
,"chathistory.contact.recv.msg":{"contact.icon.tintcolor":"#956038"
,"text.color":"#7a3921"
,"arrow.tintcolor":"#bc9a5a"
}
,"chathistory.gift.recv.msg":{"background.image":"chatroom_balloon_gift_rec.9.png"
,"button.background.image":{normal:"button_r07_normal.9.png"
,pressed:"button_r07_pressed.9.png"
}
,"button.text.color":"#ffffff"
,"button.text.shadow":"#00000000"
,"text.color":"#7a3921"
}
,"chathistory.balloon.video.default.send":{"background.color":"#ffe186"
}
,"chathistory.balloon.send":{"background.image":{normal:"chatroom_balloon_send_normal.9.png"
,pressed:"chatroom_balloon_send_pressed.9.png"
}
,"divider.background.color":"#e7c374"
,"inside.background.color":{normal:"#ffe186"
,pressed:"#fcd77e"
}
,"outline.background.tintcolor":{normal:"#ffc170"
,pressed:"#ffc170"
}
}
,"chathistory.reply.send":{"name.text.color":"#7a3921"
,"text.color":"#997a3921"
}
,"chathistory.balloon.text.send":{"background.image":{normal:"chatroom_balloon_send_normal.9.png"
,padding:"13.5 7.5 16 8"
,pressed:"chatroom_balloon_send_pressed.9.png"
}
}
,"chathistory.text.send.msg":{"text.color":"#7a3921"
,"source.text.color":"#a26b3f"
}
,"chathistory.music.send.msg":{"service.text.color":"#a26b3f"
,"title.text.color":"#7a3921"
,"artist.text.color":"#a26b3f"
,"typename.text.color":"#a26b3f"
,"playlist.default.image":"chatroom_ic_music_playlist_send.png"
,"topic.default.image":"chatroom_ic_music_topic_send.png"
,"playbtn.background.default.image":"chatroom_music_bar_default.png"
,"playbtn.background.pressed.image":"chatroom_music_bar_pressed.png"
,"playbtn.default.image":"chatroom_music_play_default.png"
,"playbtn.pressed.image":"chatroom_music_play_pressed.png"
,"stopbtn.default.image":"chatroom_music_stop_default.png"
,"stopbtn.pressed.image":"chatroom_music_stop_pressed.png"
,"playing.image":"chatroom_music_bar_playing.png"
,"loading.image":"chatroom_music_loading.png"
}
,"chathistory.voip.send.msg":{"icon.tintcolor":"#955b35"
,"linecall.text.color":"#7a3921"
,"text.color":"#7a3921"
}
,"chathistory.voice.send.msg":{"text.color":{normal:"#d3aa65"
,selected:"#7a3921"
}
,"colon.tintcolor":{normal:"#d3aa65"
,selected:"#7a3921"
}
,"bottom.background.image":"chatroom_voicemsg_line_w_send.9.png"
,"pause.image":{normal:"chatroom_ic_voicemsg_send_pause.png"
,selected:"chatroom_ic_voicemsg_send_pause_pressed.png"
}
,"play.image":{normal:"chatroom_ic_voicemsg_send_play.png"
,selected:"chatroom_ic_voicemsg_send_play_pressed.png"
}
,"seperator.image":"chatroom_voicemsg_line_h_send.9.png"
,"share.image":{normal:"chatroom_ic_voicemsg_send_share.png"
,selected:"chatroom_ic_voicemsg_send_share_pressed.png"
}
,"speak.expire.image":"chatroom_ic_voicemsg_send_x.png"
,"speak.image":"chatroom_ic_voicemsg_send_00.png"
,"speak1.image":"chatroom_ic_voicemsg_send_01.png"
,"speak2.image":"chatroom_ic_voicemsg_send_02.png"
,"speak3.image":"chatroom_ic_voicemsg_send_03.png"
}
,"chathistory.voice2.send.msg":{"play.icon.tintcolor":"#7a3921"
,"time.text.color":{normal:"#7a3921"
,dimmed:"#d3aa65"
}
,"motion.tintcolor":{normal:"#7a3921"
,dimmed:"#d3aa65"
}
,"stt.text.color":"#7a3921"
,"loading.icon.tintcolor":"#bd8d54"
,"loading.text.color":"#7a3921"
,"error.icon.tintcolor":"#d3aa65"
}
,"chathistory.url.send.msg":{"paragraph.divider.background.color":"#af7c49"
,"title.text.color":"#7a3921"
,"sub.text.color":"#a26b3f"
,"bottom.divider.background.color":"#e7c374"
,"youtube.default.background.color":"#197a3921"
}
,"chathistory.groupboard.send.msg":{"text.color":"#7a3921"
,"location.text.color":"#7a3921"
,"more.text.color":"#a26b3f"
,"photo.default.tintcolor":"#a26b3f"
,"photoicon.tintcolor":"#a26b3f"
,"sticker.default.tintcolor":"#a26b3f"
,"bottom.text.color":"#a26b3f"
,"video.default.tintcolor":"#a26b3f"
,"videoicon.tintcolor":"#a26b3f"
,"arrow.tintcolor":"#bc8d53"
,"bottom.background.image":"chatroom_balloon_line_send.9.png"
}
,"chathistory.file.send.msg":{"file.icon.tintcolor":"#955b35"
,"text.color":"#7a3921"
,"expire.text.color":"#a26b3f"
,"arrow.tintcolor":"#bc8d53"
}
,"chathistory.link.send.msg":{"text.color":"#7a3921"
,"detail.text.color":"#a26b3f"
,"arrow.tintcolor":"#bc8d53"
,"bottom.background.image":"chatroom_balloon_line_send.9.png"
}
,"chathistory.contact.send.msg":{"contact.icon.tintcolor":"#955b35"
,"text.color":"#7a3921"
,"arrow.tintcolor":"#bc8d53"
}
,"chathistory.gift.send.msg":{"background.image":"chatroom_balloon_gift_send.9.png"
,"text.color":"#7a3921"
}
,"chathistory.snackBar":{"background.color":"#d9ffec92"
,"text.color":"#7a3921"
}
,"chathistory.officialAccount.widget":{"background.color":{normal:"#ffdf5f"
,pressed:"#fcd85c"
}
,"divider.background.color":"#fbce31"
,"text.color":"#834730"
}
,"chathistory.userrecall.widget":{"background.color":{normal:"#ffdf5f"
,pressed:"#fcd85c"
}
,"highlight.text.color":"#ff8d30"
,"text.color":"#834730"
,"close.icon.tintcolor":"#b58443"
,"error.text.color":"#834730"
,"errorButton.background.tintcolor":{normal:"#ffaa30"
,pressed:"#b2ffaa30"
}
,"errorButton.text.color":"#fffffe"
,"errorButton.icon.tintcolor":"#fffffe"
}
,"chathistory.input.reply":{"top.divider.background.color":"#FBF4E4"
,"background.color":"#F5E7C2"
,"name.text.color":"#834730"
,"text.color":"#7f834730"
,"close.icon.tintcolor":"#b58443"
}
,"chathistory.officialAccount.bottombar":{"background.color":"#ffe972"
,"barButton.topDivider.background.color":"#fbd45c"
,"barButton.divider.background.color":"#fbd45c"
,"hideKeyboardButton.divider.background.color":"#fbd45c"
,"hideKeyboardButton.icon.image":"chatroom_ic_menu.png"
,"keyboard.icon.tintcolor":"#834730"
,"menuOpenedMark.tintcolor":"#834730"
,"text.color":"#834730"
}
,"chathistory.officialAccount.quickReply":{"background.tintcolor":{normal:"#ffdf5f"
,pressed:"#fcd85c"
}
,"icon.tintcolor":"#834730"
,"text.color":"#834730"
}
,"chathistory.search.calendar":{"background.color":"#ffe972"
,"weekLabel.text.color":"#834730"
,"text.color":{normal:"#834730"
,dimmed:"#66834730"
,selected:"#ffffff"
}
,"circle.background.color":"#ffaa30"
,"datebar.background.tintcolor":"#834730"
,"datebar.text.color":"#ffe972"
}
,"chathistory.search.toolbar":{"background.color":"#ffe972"
,"text.color":"#834730"
,"arrow.icon.tintcolor":{normal:"#834730"
,pressed:"#834730"
,dimmed:"#cda858"
}
,"calendar.icon.tintcolor":{normal:"#834730"
,pressed:"#cda858"
}
,"close.icon.tintcolor":{normal:"#834730"
,pressed:"#cda858"
}
}
,"chathistory.oneRowGallery":{"cancel.icon.tintcolor":"#834730"
,"send.text.color":"#834730"
,"item.badge.background.tintcolor":{selected:"#ffaa30"
}
,"send.badge.background.tintcolor":"#ffaa30"
,"badge.text.color":"#ffffff"
}
,"chathistory.input.voice":{"voip.background.color":{normal:"#ffd927"
,pressed:"#fdd11f"
}
,"voip.icon.tintcolor":"#ffffff"
,"voip.text.color":"#ffffff"
,"close.background.color":{normal:"#feca16"
,pressed:"#fec518"
}
,"close.icon.tintcolor":"#f9f9f9"
}
,"album.detail.menu":{"item.color":{normal:"#cfbeb7"
,selected:"#ffaa30"
}
,"checked.icon.tintcolor":"#ffaa30"
}
,"timeline.list.newpost":{"background.image":{normal:"timeline_newpost_btn.9.png"
,pressed:"timeline_newpost_btn_pressed.9.png"
}
,"text.color":"#ffffff"
}
,"myhome.list.header":{"updateText.color":"#ff940a"
,"updateTitleText.color":"#ff940a"
,"updateTimeText.color":"#ff940a"
}
,"timeline.list.footer":{"retry.arrowIcon.tintcolor":"#ffd927"
,"retry.text.color":"#ffd927"
,"retry.text.shadow":"#00000000"
}
,"grouphome.empty":{"empty.note.icon.image.tintcolor":"#ffc983"
,"empty.album.icon.image.tintcolor":"#ffc983"
,"empty.text.color":"#ff940a"
,"empty.btn.background.image":{normal:"button_r07_normal.9.png"
,pressed:"button_r07_pressed.9.png"
}
,"empty.btn.text.color":"#ffffff"
}
,"grouphome.error":{"sticker.image":"zero_img_error.png"
,"icon.tintcolor":"#ffc983"
,"msg.text.color":"#ff940a"
,"msg.text.shadow":"#00000000"
,"btn.text.background.image":{normal:"button_r07_normal.9.png"
,pressed:"button_r07_pressed.9.png"
}
,"btn.text.color":"#ffffff"
}
,"grouphome.main":{"tab.background.color":"#fffeef"
,"selectedTab.text.color":"#834730"
,"tab.text.color":"#cfbdae"
,"tabBottomLine.background.color":"#ffaa30"
,"moreTab.icon.tintcolor":{normal:"#834730"
,pressed:"#9c6c56"
}
,"postWriteBtn.image":{normal:"group_ic_writepost.png"
,pressed:"group_ic_writepost_pressed.png"
}
,"albumCreateBtn.image":{normal:"group_ic_postalbum.png"
,pressed:"group_ic_postalbum_pressed.png"
}
,"tab.divider.background.color":"#fff1c4"
,"newDotIcon.tintcolor":"#ffaa30"
}
,"grouphome.member.category":{"category.text.color":"#d0e484"
,"category.count.text.color":"#d0e484"
,"edit.btn.background.image":{normal:"button_r10_normal.9.png"
,pressed:"button_r10_pressed.9.png"
}
,"edit.btn.text.color":"#ffffff"
,"category.divider.background.color":"#f0f8c8"
}
,"grouphome.member.profile":{"add.btn.icon.tintcolor":"#834730"
,"profile.name.text.color":"#834730"
}
,"grouphome.friend.request":{"background.color":"#ccfff693"
,"message.text.color":"#834730"
,"message.icon.tintcolor":"#834730"
,"btn.background.color":{normal:"#ffd927"
,pressed:"#f9ca25"
}
,"btn.text.color":"#ffffff"
}
,"timeline.userrecall":{"recall.user.text.background.color":"#00000000"
,"recall.user.text.color":"#ff8d30"
,"recalled.user.text.color":"#ff8d30"
,"suggest.dialog.text.color":"#ff8d30"
}
,"timeline.privacySetting.searchBox":{"background.color":"#fffffd"
,"inputBox.background.tintcolor":"#fffdc3"
,"text.color":"#834730"
,"text.hint":"#bb9972"
,"cancel.icon.tintcolor":"#d6c193"
,"count.text.color":"#ff940a"
}
,"timeline.privacySetting":{"descriptionText.color":"#ff940a"
,"publicButton.background.tintcolor":{normal:"#ffde41"
,pressed:"#f9ca25"
}
,"publicButton.text.color":"#ffffff"
,"privateButton.background.tintcolor":{normal:"#834730"
,pressed:"#673725"
}
,"privateButton.text.color":"#ffffff"
,"deleteButton.background.tintcolor":{normal:"#cede27"
,pressed:"#c0cf23"
}
,"deleteButton.text.color":"#ffffff"
,"addButton.background.tintcolor":{normal:"#ffde41"
,pressed:"#f9ca25"
}
,"addButton.text.color":"#ffffff"
,"listDeleteButton.background.tintcolor":{normal:"#cede27"
,pressed:"#c0cf23"
}
,"listDeleteButton.text.color":"#ffffff"
}
,"timeline.privacySetting.manage":{"sort.icon.tintcolor":"#ff940a"
,"addFriend.icon.tintcolor":"#ff940a"
,"shareGroup.icon.tintcolor":"#ff940a"
}
,"list.info":{"background.color":"#fffffd"
,"bottom.divider.background.color":"#f0f8c8"
,"text.color":"#ff940a"
,"button.background.tintcolor":{normal:"#ffde41"
,pressed:"#f9ca25"
}
,"button.text.color":"#ffffff"
,"text2.color":"#a7da0d"
}
,"squarehome.select":{"background.color":"#7fffde41"
,"divider.background.tintcolor":"#ffffff"
,"text.color":{normal:"#ffffff"
,pressed:"#66ffffff"
,dimmed:"#66ffffff"
}
}
,"squarehome.list":{"commonButton.background.tintcolor":{normal:"#ffd927"
,pressed:"#f9ca25"
}
,"commonButton.text.color":"#ffffff"
}
,"myhome.post.event":{"button.background.tintcolor":{normal:"#ffde41"
,pressed:"#f9ca25"
,dimmed:"#c9ccd4"
}
,"button.icon.tintcolor":"#ffffff"
,"button.text.color":"#ffffff"
}
,"common.empty.page":{"call.name.text.color":"#834730"
,"zero.image":"zero_img_empty.png"
,"zero.title.color":"#834730"
,"zero.subtitle.color":"#ff940a"
,"call.link.text.color":"#ff940a"
,"zerobutton.background.image":{normal:"button_r07_normal.9.png"
,pressed:"button_r07_pressed.9.png"
}
,"zerobutton.text.color":"#ffffff"
,"error.image":"zero_img_error.png"
,"error.subtitle.color":"#ff940a"
,"error.button.background.image":{normal:"button_r07_normal.9.png"
,pressed:"button_r07_pressed.9.png"
}
,"error.button.text.color":"#ffffff"
}
,"noticenter2":{"background.color":"#ffffff"
,"title.text.color":"#834730"
,"arrow.icon.image":"timeline_img_tabarrow.png"
,"more.icon.tintcolor":"#b59183"
}
,"notification.popup":{"title.background.image":"popup_noti_bg_top.9.png"
,"title.username.text.color":"#834730"
,"title.groupname.text.color":"#834730"
,"title.logo.tintcolor":"#834730"
,"title.setting.image.tintcolor":"#834730"
,"title.count.background.image":"popup_noti_img_num_bg.9.png"
,"title.count.text.color":"#ffffff"
,"reply.input.bar.background.color":{normal:"#d6d6d6"
,selected:"#d6d6d6"
}
,"reply.sendbutton.tintcolor":{normal:"#ffe152"
,pressed:"#ffd927"
,selected:"#ffe152"
}
,"setting.checkbox.background.image":{normal:"list_checkbox_img_normal.png"
,selected:"list_checkbox_img_selected.png"
}
}
}